state_ut,district_names,healthgap_score,healthgap_gap,district_rank,score_coverage_pct,score_status,district_vs_state,performance_vs_state
Puducherry,Mahe,80.27964450830052,19.72035549169948,1,100.0,Reliable,5.927933418884365,Above State Average
Odisha,Puri,79.19275018296571,20.80724981703429,2,97.61904761904762,Reliable,8.375732058284157,Above State Average
Odisha,Jharsuguda,78.63133914693383,21.368660853066174,3,97.61904761904762,Reliable,7.8143210222522725,Above State Average
Kerala,Kozhikode,78.19927671220178,21.80072328779822,4,100.0,Reliable,5.249943823148541,Above State Average
Kerala,Kasaragod,77.80705587695213,22.192944123047866,5,100.0,Reliable,4.857722987898896,Above State Average
Tamil Nadu,Theni,77.58850412349642,22.41149587650358,6,100.0,Reliable,4.106519188639865,Above State Average
Tamil Nadu,The Nilgiris,77.46026984995957,22.539730150040427,7,97.61904761904762,Reliable,3.9782849151030177,Above State Average
Tamil Nadu,Thiruvarur,77.11950029554386,22.880499704456142,8,97.61904761904762,Reliable,3.6375153606873027,Above State Average
Tamil Nadu,Vellore,77.09898588451765,22.901014115482354,9,97.61904761904762,Reliable,3.61700094966109,Above State Average
Tamil Nadu,Thoothukkudi,76.68568828083163,23.314311719168373,10,97.61904761904762,Reliable,3.2037033459750717,Above State Average
Odisha,Balangir,76.6416195280988,23.3583804719012,11,100.0,Reliable,5.8246014034172475,Above State Average
Tamil Nadu,Kanniyakumari,76.475224381888,23.524775618112002,12,100.0,Reliable,2.993239447031442,Above State Average
Tamil Nadu,Dharmapuri,76.17951575737315,23.820484242626847,13,97.61904761904762,Reliable,2.6975308225165975,Above State Average
Tamil Nadu,Chennai,76.14077659956337,23.859223400436633,14,97.61904761904762,Reliable,2.6587916647068113,Above State Average
Tamil Nadu,Coimbatore,76.06134955614483,23.938650443855167,15,100.0,Reliable,2.5793646212882777,Above State Average
Kerala,Idukki,75.97292985446795,24.02707014553205,16,97.61904761904762,Reliable,3.0235969654147112,Above State Average
Tamil Nadu,Dindigul,75.92855481838926,24.07144518161074,17,100.0,Reliable,2.446569883532703,Above State Average
Tamil Nadu,Erode,75.66659113293832,24.333408867061678,18,97.61904761904762,Reliable,2.1846061980817666,Above State Average
Odisha,Subarnapur,75.55570624062108,24.444293759378922,19,97.61904761904762,Reliable,4.738688115939524,Above State Average
Punjab,Shahid Bhagat Singh Nagar,75.30961172308714,24.690388276912856,20,97.61904761904762,Reliable,9.45171284632039,Above State Average
Himachal Pradesh,Bilaspur,75.30623744412543,24.69376255587457,21,97.61904761904762,Reliable,3.788619570693058,Above State Average
Odisha,Kandhamal,75.2747005416923,24.725299458307703,22,100.0,Reliable,4.457682417010744,Above State Average
Haryana,Panchkula,75.2047499181511,24.795250081848906,23,97.61904761904762,Reliable,9.161536337188991,Above State Average
Himachal Pradesh,Shimla,75.18657588073454,24.813424119265463,24,97.61904761904762,Reliable,3.668958007302166,Above State Average
Odisha,Nayagarh,75.13811160405652,24.86188839594348,25,100.0,Reliable,4.321093479374966,Above State Average
Odisha,Jagatsinghapur,75.00916101824922,24.990838981750784,26,97.61904761904762,Reliable,4.192142893567663,Above State Average
Himachal Pradesh,Solan,74.91184981914056,25.088150180859444,27,100.0,Reliable,3.394231945708185,Above State Average
Himachal Pradesh,Mandi,74.72303137826101,25.276968621738988,28,100.0,Reliable,3.205413504828641,Above State Average
Kerala,Wayanad,74.63281372705606,25.36718627294394,29,97.61904761904762,Reliable,1.683480838002822,Above State Average
Tamil Nadu,Nagapattinam,74.49857628141748,25.501423718582515,30,100.0,Reliable,1.0165913465609293,Above State Average
Himachal Pradesh,Sirmaur,74.42741354280099,25.57258645719901,31,100.0,Reliable,2.90979566936862,Above State Average
Tamil Nadu,Krishnagiri,74.35236921405117,25.647630785948834,32,100.0,Reliable,0.8703842791946101,Above State Average
Kerala,Kollam,74.30757303734143,25.692426962658573,33,95.23809523809523,Reliable,1.3582401482881892,Above State Average
Uttarakhand,Pithoragarh,74.18461780974701,25.81538219025299,34,100.0,Reliable,7.198813767470284,Above State Average
Odisha,Sambalpur,74.11590523103258,25.884094768967415,35,97.61904761904762,Reliable,3.2988871063510317,Above State Average
Tamil Nadu,Madurai,74.08181623751794,25.91818376248206,36,97.61904761904762,Reliable,0.5998313026613857,Above State Average
Tamil Nadu,Tirunelveli,73.97811244183269,26.021887558167307,37,97.61904761904762,Reliable,0.49612750697613706,Above State Average
Tamil Nadu,Tiruvannamalai,73.95631405686328,26.043685943136722,38,97.61904761904762,Reliable,0.47432912200672206,Above State Average
Kerala,Ernakulam,73.75925735950507,26.24074264049493,39,97.61904761904762,Reliable,0.8099244704518327,Above State Average
Dadra and Nagar Haveli & Daman and Diu,Diu,73.66324419309878,26.336755806901223,40,100.0,Reliable,6.391637639570575,Above State Average
Kerala,Kannur,73.61966674147783,26.38033325852217,41,100.0,Reliable,0.6703338524245908,Above State Average
Goa,North Goa,73.5590384984802,26.440961501519794,42,97.61904761904762,Reliable,0.0,At State Average
Uttarakhand,Rudraprayag,73.4809659659785,26.5190340340215,43,100.0,Reliable,6.495161923701772,Above State Average
Punjab,Hoshiarpur,73.4571793461069,26.542820653893102,44,97.61904761904762,Reliable,7.599280469340144,Above State Average
Odisha,Bargarh,73.40246512077141,26.59753487922859,45,100.0,Reliable,2.585446996089857,Above State Average
Karnataka,Mandya,73.40141718059651,26.59858281940349,46,97.61904761904762,Reliable,6.923762615436345,Above State Average
Tamil Nadu,Ramanathapuram,73.20204831936893,26.797951680631073,47,100.0,Reliable,-0.27993661548762816,Below State Average
Tamil Nadu,Namakkal,73.1608434294496,26.8391565705504,48,97.61904761904762,Reliable,-0.3211415054069562,Below State Average
Himachal Pradesh,Chamba,73.13030279542227,26.869697204577733,49,100.0,Reliable,1.6126849219898958,Above State Average
Odisha,Khordha,72.97874472541692,27.021255274583083,50,100.0,Reliable,2.1617266007353635,Above State Average
Odisha,Koraput,72.96173531681299,27.03826468318701,51,100.0,Reliable,2.144717192131438,Above State Average
Puducherry,Puducherry,72.95210043072494,27.04789956927506,52,97.61904761904762,Reliable,-1.3996106586912163,Below State Average
Lakshadweep,Lakshadweep,72.85587793131954,27.14412206868046,53,100.0,Reliable,0.0,At State Average
Tamil Nadu,Ariyalur,72.85584253358523,27.144157466414768,54,100.0,Reliable,-0.6261424012713235,Below State Average
Karnataka,Mysore,72.83473457892546,27.165265421074537,55,100.0,Reliable,6.357080013765298,Above State Average
Karnataka,Hassan,72.82194634915868,27.17805365084132,56,100.0,Reliable,6.344291783998514,Above State Average
Haryana,Karnal,72.75189824516671,27.248101754833286,57,100.0,Reliable,6.708684664204611,Above State Average
Karnataka,Ramanagara,72.71498830366451,27.285011696335488,58,97.61904761904762,Reliable,6.237333738504347,Above State Average
Puducherry,Karaikal,72.59351082184531,27.406489178154686,59,100.0,Reliable,-1.7582002675708424,Below State Average
Karnataka,Bangalore Rural,72.55272363590495,27.447276364095046,60,100.0,Reliable,6.075069070744789,Above State Average
Odisha,Ganjam,72.51784467306425,27.482155326935754,61,100.0,Reliable,1.7008265483826932,Above State Average
Uttarakhand,Champawat,72.41090376794966,27.589096232050338,62,100.0,Reliable,5.425099725672936,Above State Average
Tamil Nadu,Tiruchirappalli,72.28993958141507,27.71006041858493,63,97.61904761904762,Reliable,-1.192045353441486,Below State Average
Andaman & Nicobar Islands,South Andaman,72.22891192124226,27.771088078757742,64,97.61904761904762,Reliable,3.1236711605422727,Above State Average
Odisha,Nuapada,72.21785071318101,27.782149286818992,65,100.0,Reliable,1.4008325884994548,Above State Average
Tamil Nadu,Viluppuram,72.1625406699401,27.8374593300599,66,97.61904761904762,Reliable,-1.3194442649164557,Below State Average
Chhattisgarh,Kabeerdham,72.10411449235413,27.895885507645872,67,100.0,Reliable,8.79215323648306,Above State Average
Tamil Nadu,Sivaganga,72.0720969916249,27.927903008375097,68,97.61904761904762,Reliable,-1.4098879432316522,Below State Average
Tamil Nadu,Cuddalore,71.97431011069139,28.02568988930861,69,97.61904761904762,Reliable,-1.5076748241651643,Below State Average
Madhya Pradesh,Seoni,71.96614270929,28.033857290710003,70,100.0,Reliable,7.849515352730577,Above State Average
Kerala,Malappuram,71.94492359251949,28.055076407480513,71,100.0,Reliable,-1.0044092965337512,Below State Average
Tamil Nadu,Perambalur,71.79774143902858,28.202258560971416,72,97.61904761904762,Reliable,-1.684243495827971,Below State Average
Tamil Nadu,Salem,71.76240915436718,28.237590845632823,73,95.23809523809523,Reliable,-1.7195757804893788,Below State Average
Tamil Nadu,Thiruvallur,71.67485691875423,28.32514308124577,74,97.61904761904762,Reliable,-1.8071280161023253,Below State Average
Sikkim,West District,71.66580238876112,28.334197611238878,75,97.61904761904762,Reliable,0.958609046963744,Above State Average
Puducherry,Yanam,71.58158859679384,28.418411403206164,76,97.61904761904762,Reliable,-2.7701224926223205,Below State Average
Punjab,Fatehgarh Sahib,71.57634208895232,28.423657911047684,77,97.61904761904762,Reliable,5.718443212185562,Above State Average
Chhattisgarh,Rajnandgaon,71.55274542388241,28.447254576117587,78,97.61904761904762,Reliable,8.240784168011345,Above State Average
Odisha,Baudh,71.40002736356054,28.59997263643946,79,100.0,Reliable,0.5830092388789865,Above State Average
Punjab,Jalandhar,71.27229330954343,28.72770669045657,80,97.61904761904762,Reliable,5.414394432776675,Above State Average
NCT of Delhi,South,71.18989227436256,28.810107725637437,81,97.61904761904762,Reliable,5.106707100874118,Above State Average
Karnataka,Kolar,71.03860722601738,28.961392773982624,82,100.0,Reliable,4.560952660857211,Above State Average
Sikkim,North  District,71.01551689767832,28.984483102321676,83,100.0,Reliable,0.3083235558809463,Above State Average
Odisha,Kalahandi,70.99807368943394,29.001926310566063,84,100.0,Reliable,0.18105556475238416,Above State Average
Karnataka,Chamarajanagar,70.82875486272,29.171245137279996,85,97.61904761904762,Reliable,4.351100297559839,Above State Average
Chhattisgarh,Bemetara,70.76121461634958,29.238785383650423,86,100.0,Reliable,7.449253360478508,Above State Average
Odisha,Cuttack,70.7573449407465,29.242655059253494,87,97.61904761904762,Reliable,-0.059673183935046836,Below State Average
Karnataka,Tumkur,70.74034889116294,29.259651108837062,88,97.61904761904762,Reliable,4.262694326002773,Above State Average
Karnataka,Chikmagalur,70.55992936272588,29.44007063727412,89,97.61904761904762,Reliable,4.0822747975657165,Above State Average
Mizoram,Champhai,70.54734796859285,29.452652031407155,90,100.0,Reliable,6.973375136814745,Above State Average
Madhya Pradesh,Betul,70.50787068443171,29.49212931556829,91,100.0,Reliable,6.391243327872289,Above State Average
Odisha,Debagarh,70.49845394399803,29.50154605600197,92,97.61904761904762,Reliable,-0.31856418068352355,Below State Average
Tamil Nadu,Virudhunagar,70.47445338815706,29.52554661184294,93,97.61904761904762,Reliable,-3.0075315466994965,Below State Average
Rajasthan,Chittaurgarh,70.43720242511459,29.56279757488541,94,100.0,Reliable,6.745020147495985,Above State Average
West Bengal,North Twenty Four Pargana,70.38911862888352,29.610881371116477,95,100.0,Reliable,6.987128134551398,Above State Average
Haryana,Fatehabad,70.33676087522511,29.66323912477489,96,100.0,Reliable,4.293547294263007,Above State Average
Kerala,Thiruvananthapuram,70.26375859649761,29.73624140350239,97,95.23809523809523,Reliable,-2.6855742925556285,Below State Average
Haryana,Jhajjar,70.21409458627068,29.785905413729324,98,100.0,Reliable,4.170881005308573,Above State Average
Himachal Pradesh,Kinnaur,70.12563916625413,29.874360833745868,99,97.61904761904762,Reliable,-1.3919787071782395,Below State Average
Himachal Pradesh,Hamirpur,70.0916220741101,29.908377925889894,100,97.61904761904762,Reliable,-1.4259957993222656,Below State Average
Tamil Nadu,Pudukkottai,70.0463049392076,29.9536950607924,101,100.0,Reliable,-3.435679995648954,Below State Average
Chandigarh,Chandigarh,70.03012264026776,29.969877359732237,102,97.61904761904762,Reliable,0.0,At State Average
Madhya Pradesh,Ratlam,70.0147232462112,29.985276753788796,103,100.0,Reliable,5.898095889651785,Above State Average
West Bengal,Darjiling,70.0102622774579,29.989737722542102,104,97.61904761904762,Reliable,6.6082717831257725,Above State Average
Karnataka,Shimoga,69.94941195864699,30.05058804135301,105,100.0,Reliable,3.4717573934868255,Above State Average
Karnataka,Chitradurga,69.9289225585466,30.071077441453397,106,100.0,Reliable,3.4512679933864376,Above State Average
Odisha,Nabarangapur,69.79099770974256,30.209002290257445,107,100.0,Reliable,-1.0260204149389978,Below State Average
Odisha,Kendrapara,69.74747278368511,30.25252721631489,108,100.0,Reliable,-1.0695453409964415,Below State Average
NCT of Delhi,North East,69.7341658349977,30.265834165002303,109,100.0,Reliable,3.6509806615092515,Above State Average
Karnataka,Dakshina Kannada,69.71074680499837,30.289253195001635,110,100.0,Reliable,3.2330922398382,Above State Average
Jammu & Kashmir,Srinagar,69.70884453152489,30.29115546847511,111,100.0,Reliable,5.364990726483782,Above State Average
Kerala,Alappuzha,69.66129419706843,30.33870580293157,112,95.23809523809523,Reliable,-3.2880386919848092,Below State Average
Karnataka,Uttara Kannada,69.64747714881011,30.35252285118989,113,100.0,Reliable,3.169822583649946,Above State Average
Karnataka,Udupi,69.60900806292918,30.390991937070822,114,100.0,Reliable,3.1313534977690125,Above State Average
Himachal Pradesh,Kullu,69.5856027621048,30.4143972378952,115,100.0,Reliable,-1.9320151113275728,Below State Average
Madhya Pradesh,Shajapur,69.47755837080766,30.522441629192343,116,100.0,Reliable,5.360931014248237,Above State Average
Odisha,Malkangiri,69.45974722858408,30.540252771415922,117,100.0,Reliable,-1.357270896097475,Below State Average
Sikkim,South District,69.44026073895267,30.559739261047326,118,95.23809523809523,Reliable,-1.2669326028447045,Below State Average
Uttarakhand,Bageshwar,69.3629335810172,30.637066418982798,119,100.0,Reliable,2.3771295387404763,Above State Average
Maharastra,Gadchiroli,69.3505242284465,30.649475771553497,120,100.0,Reliable,8.650311928354256,Above State Average
Odisha,Baleshwar,69.32536459923907,30.674635400760934,121,97.61904761904762,Reliable,-1.4916535254424872,Below State Average
Jammu & Kashmir,Punch,69.28757240020148,30.712427599798517,122,100.0,Reliable,4.943718595160377,Above State Average
Madhya Pradesh,Neemuch,69.21551882053411,30.784481179465885,123,100.0,Reliable,5.098891463974695,Above State Average
Haryana,Hisar,69.2141923508054,30.785807649194595,124,100.0,Reliable,3.170978769843302,Above State Average
Gujarat,Porbandar,69.1959127802404,30.804087219759595,125,100.0,Reliable,9.502128284359777,Above State Average
Rajasthan,Barmer,69.19170074777627,30.808299252223733,126,100.0,Reliable,5.4995184701576605,Above State Average
Odisha,Gajapati,69.11686967086939,30.88313032913061,127,100.0,Reliable,-1.7001484538121616,Below State Average
West Bengal,Jalpaiguri,69.10460751140127,30.89539248859873,128,100.0,Reliable,5.702617017069144,Above State Average
Himachal Pradesh,Kangra,68.87395838921078,31.126041610789215,129,97.61904761904762,Reliable,-2.643659484221587,Below State Average
Dadra and Nagar Haveli & Daman and Diu,Dadra & Nagar Haveli,68.86101165648412,31.138988343515877,130,100.0,Reliable,1.5894051029559222,Above State Average
Chhattisgarh,Uttar Bastar Kanker,68.83526263514442,31.164737364855583,131,100.0,Reliable,5.523301379273349,Above State Average
Uttarakhand,Dehradun,68.68039825250415,31.319601747495852,132,97.61904761904762,Reliable,1.6945942102274216,Above State Average
Jammu & Kashmir,Kathua,68.64001059694621,31.35998940305379,133,100.0,Reliable,4.296156791905105,Above State Average
Maharastra,Bhandara,68.58591013323185,31.41408986676815,134,100.0,Reliable,7.885697833139602,Above State Average
Odisha,Dhenkanal,68.58303646712208,31.416963532877915,135,100.0,Reliable,-2.233981657559468,Below State Average
Tamil Nadu,Thanjavur,68.56514549659269,31.43485450340731,136,97.61904761904762,Reliable,-4.916839438263864,Below State Average
Madhya Pradesh,Balaghat,68.44053050285322,31.55946949714678,137,97.61904761904762,Reliable,4.323903146293802,Above State Average
Haryana,Ambala,68.42940898712789,31.570591012872114,138,100.0,Reliable,2.3861954061657826,Above State Average
Mizoram,Serchhip,68.40932346015077,31.590676539849227,139,100.0,Reliable,4.835350628372673,Above State Average
Rajasthan,Jaipur,68.40550766257189,31.594492337428107,140,100.0,Reliable,4.713325384953286,Above State Average
Manipur,Thoubal,68.40399978070303,31.59600021929697,141,100.0,Reliable,7.5661219669501065,Above State Average
NCT of Delhi,New Delhi,68.38034852962485,31.619651470375146,142,97.61904761904762,Reliable,2.2971633561364087,Above State Average
Manipur,Imphal West,68.34613609183289,31.65386390816711,143,100.0,Reliable,7.508258278079964,Above State Average
Andhra Pradesh,Srikakulam,68.32119134906247,31.678808650937526,144,97.61904761904762,Reliable,4.076287498826531,Above State Average
Odisha,Bhadrak,68.31838362834098,31.68161637165902,145,100.0,Reliable,-2.4986344963405713,Below State Average
Chhattisgarh,Balod,68.28473375401852,31.715266245981482,146,100.0,Reliable,4.9727724981474495,Above State Average
Rajasthan,Udaipur,68.28168326174848,31.718316738251517,147,100.0,Reliable,4.589500984129877,Above State Average
Haryana,Kaithal,68.26139458584795,31.738605414152048,148,100.0,Reliable,2.2181810048858495,Above State Average
Karnataka,Kodagu,68.20041949217361,31.79958050782639,149,100.0,Reliable,1.7227649270134435,Above State Average
Madhya Pradesh,Guna,68.19227922658933,31.807720773410665,150,100.0,Reliable,4.075651870029915,Above State Average
Chhattisgarh,Durg,68.17232870870093,31.82767129129907,151,100.0,Reliable,4.860367452829863,Above State Average
Karnataka,Bangalore,68.07467960483497,31.92532039516503,152,100.0,Reliable,1.5970250396748042,Above State Average
Haryana,Kurukshetra,68.06808850725925,31.931911492740753,153,100.0,Reliable,2.0248749262971444,Above State Average
Andhra Pradesh,Krishna,68.04270117700639,31.957298822993607,154,97.61904761904762,Reliable,3.79779732677045,Above State Average
Jammu & Kashmir,Kulgam,68.02365970812077,31.976340291879225,155,100.0,Reliable,3.679805903079668,Above State Average
Madhya Pradesh,Indore,67.91032452400184,32.08967547599816,156,100.0,Reliable,3.793697167442417,Above State Average
NCT of Delhi,East,67.90648984964066,32.093510150359336,157,100.0,Reliable,1.823304676152219,Above State Average
Haryana,Charkhi Dadri,67.84409626962544,32.15590373037456,158,100.0,Reliable,1.8008826886633358,Above State Average
Chhattisgarh,Raigarh,67.73904505705889,32.26095494294111,159,100.0,Reliable,4.42708380118782,Above State Average
Karnataka,Chikkaballapura,67.7220844171067,32.2779155828933,160,100.0,Reliable,1.2444298519465349,Above State Average
Maharastra,Wardha,67.68709913676807,32.31290086323193,161,100.0,Reliable,6.986886836675822,Above State Average
Jammu & Kashmir,Shupiyan,67.62393340489211,32.376066595107886,162,100.0,Reliable,3.280079599851007,Above State Average
Madhya Pradesh,Mandla,67.61850738090095,32.38149261909905,163,100.0,Reliable,3.5018800243415313,Above State Average
Madhya Pradesh,Burhanpur,67.5816355262403,32.418364473759695,164,100.0,Reliable,3.4650081696808854,Above State Average
Karnataka,Dharwad,67.57942039768324,32.420579602316764,165,100.0,Reliable,1.1017658325230713,Above State Average
Rajasthan,Pali,67.54709097102355,32.45290902897645,166,100.0,Reliable,3.854908693404944,Above State Average
Chhattisgarh,Dhamtari,67.51948867615953,32.480511323840474,167,97.61904761904762,Reliable,4.207527420288457,Above State Average
Tamil Nadu,Kancheepuram,67.5146628131809,32.485337186819095,168,97.61904761904762,Reliable,-5.96732212167565,Below State Average
Punjab,Sangrur,67.48890744105522,32.51109255894478,169,100.0,Reliable,1.6310085642884644,Above State Average
Maharastra,Palghar,67.48795495927246,32.51204504072754,170,100.0,Reliable,6.787742659180211,Above State Average
Arunachal Pradesh,Lower Dibang Valley,67.3670435999771,32.632956400022906,171,100.0,Reliable,8.859402263610804,Above State Average
Rajasthan,Baran,67.36420101931701,32.63579898068299,172,100.0,Reliable,3.672018741698402,Above State Average
Gujarat,Navsari,67.34608352408281,32.653916475917185,173,97.61904761904762,Reliable,7.6522990282021865,Above State Average
Maharastra,Chandrapur,67.3090780245601,32.690921975439906,174,97.61904761904762,Reliable,6.608865724467847,Above State Average
Maharastra,Osmanabad,67.30120707113076,32.69879292886924,175,100.0,Reliable,6.600994771038515,Above State Average
Madhya Pradesh,Anuppur,67.26860325365321,32.73139674634679,176,100.0,Reliable,3.1519758970937914,Above State Average
Maharastra,Raigarh,67.23627506110284,32.763724938897155,177,100.0,Reliable,6.536062761010598,Above State Average
Madhya Pradesh,Chhindwara,67.20465197182551,32.79534802817449,178,100.0,Reliable,3.088024615266093,Above State Average
Chhattisgarh,Surguja,67.17089727106733,32.82910272893267,179,100.0,Reliable,3.8589360151962637,Above State Average
Haryana,Rewari,67.15701178424955,32.84298821575045,180,100.0,Reliable,1.1137982032874447,Above State Average
Maharastra,Nagpur,67.13910686219091,32.860893137809086,181,97.61904761904762,Reliable,6.4388945620986675,Above State Average
Madhya Pradesh,Narsimhapur,67.08195929732057,32.918040702679434,182,100.0,Reliable,2.9653319407611463,Above State Average
Mizoram,Kolasib,66.9681224698416,33.0318775301584,183,100.0,Reliable,3.394149638063503,Above State Average
Jammu & Kashmir,Pulwama,66.96042005402231,33.03957994597769,184,100.0,Reliable,2.6165662489812007,Above State Average
Uttarakhand,Almora,66.94707835609339,33.052921643906615,185,100.0,Reliable,-0.03872568618334071,Below State Average
Punjab,Gurdaspur,66.9161845943484,33.083815405651606,186,100.0,Reliable,1.05828571758164,Above State Average
Madhya Pradesh,Jhabua,66.91283478285514,33.08716521714486,187,100.0,Reliable,2.796207426295723,Above State Average
Madhya Pradesh,Tikamgarh,66.89811789453324,33.10188210546676,188,100.0,Reliable,2.7814905379738235,Above State Average
Andhra Pradesh,Guntur,66.88660416295176,33.113395837048245,189,100.0,Reliable,2.6417003127158125,Above State Average
Rajasthan,Jhunjhunun,66.88319469561698,33.11680530438302,190,100.0,Reliable,3.1910124179983725,Above State Average
Jammu & Kashmir,Jammu,66.87429982285732,33.125700177142676,191,100.0,Reliable,2.5304460178162174,Above State Average
Madhya Pradesh,Agar Malwa,66.83733774600972,33.16266225399028,192,95.23809523809523,Reliable,2.7207103894503035,Above State Average
Punjab,Sahibzada Ajit Singh Nagar,66.81367881728464,33.18632118271536,193,100.0,Reliable,0.9557799405178855,Above State Average
Andhra Pradesh,Y.S.R.,66.81225136537307,33.18774863462693,194,100.0,Reliable,2.567347515137129,Above State Average
Maharastra,Sindhudurg,66.79575134535133,33.204248654648666,195,97.61904761904762,Reliable,6.095539045259088,Above State Average
Nagaland,Kohima,66.79510509470595,33.204894905294054,196,100.0,Reliable,15.308897193007631,Above State Average
Karnataka,Haveri,66.76807423347843,33.23192576652157,197,100.0,Reliable,0.2904196683182647,Above State Average
Madhya Pradesh,Umaria,66.76231528593824,33.23768471406176,198,100.0,Reliable,2.6456879293788234,Above State Average
Rajasthan,Kota,66.70219351077166,33.297806489228336,199,100.0,Reliable,3.010011233153058,Above State Average
Maharastra,Satara,66.70002862503621,33.29997137496379,200,100.0,Reliable,5.999816324943964,Above State Average
Punjab,Rupnagar,66.69738285063995,33.302617149360046,201,97.61904761904762,Reliable,0.8394839738732003,Above State Average
Punjab,Patiala,66.69349215082508,33.30650784917492,202,100.0,Reliable,0.8355932740583256,Above State Average
NCT of Delhi,South East,66.6745605148694,33.3254394851306,203,100.0,Reliable,0.591375341380953,Above State Average
Punjab,Pathankot,66.57171868861494,33.428281311385064,204,100.0,Reliable,0.7138198118481824,Above State Average
Madhya Pradesh,Mandsaur,66.53856460889364,33.46143539110636,205,100.0,Reliable,2.4219372523342173,Above State Average
Madhya Pradesh,Dewas,66.53028987387272,33.46971012612728,206,100.0,Reliable,2.4136625173132984,Above State Average
Himachal Pradesh,Lahul & Spiti,66.52957400909898,33.47042599090102,207,97.61904761904762,Reliable,-4.988043864333392,Below State Average
Jammu & Kashmir,Samba,66.501494868012,33.498505131988,208,100.0,Reliable,2.157641062970896,Above State Average
Haryana,Jind,66.45979871034949,33.54020128965051,209,100.0,Reliable,0.4165851293873857,Above State Average
Haryana,Bhiwani,66.44732744807138,33.55267255192862,210,100.0,Reliable,0.4041138671092739,Above State Average
Rajasthan,Bhilwara,66.43572972011071,33.564270279889286,211,100.0,Reliable,2.7435474424921082,Above State Average
Uttar Pradesh,Bijnor,66.43082439672132,33.56917560327868,212,100.0,Reliable,9.52216862565625,Above State Average
Punjab,Tarn Taran,66.41320895649801,33.58679104350199,213,97.61904761904762,Reliable,0.5553100797312567,Above State Average
Chhattisgarh,Koriya,66.3692054545518,33.6307945454482,214,100.0,Reliable,3.057244198680735,Above State Average
Telangana,Rajanna Sircilla,66.28384660834945,33.71615339165055,215,100.0,Reliable,4.076025928120039,Above State Average
Gujarat,Rajkot,66.28029694516702,33.719703054832976,216,97.61904761904762,Reliable,6.586512449286396,Above State Average
Jammu & Kashmir,Badgam,66.24950998527838,33.75049001472162,217,100.0,Reliable,1.9056561802372727,Above State Average
Madhya Pradesh,Shahdol,66.24841409999237,33.751585900007626,218,100.0,Reliable,2.1317867434329543,Above State Average
Chhattisgarh,Jashpur,66.24484691646391,33.75515308353609,219,100.0,Reliable,2.932885660592845,Above State Average
Madhya Pradesh,Ujjain,66.22171356124814,33.77828643875186,220,100.0,Reliable,2.1050862046887175,Above State Average
Andhra Pradesh,Anantapur,66.15516738399458,33.84483261600542,221,100.0,Reliable,1.9102635337586378,Above State Average
Andhra Pradesh,Visakhapatnam,66.14106513082493,33.85893486917507,222,97.61904761904762,Reliable,1.8961612805889843,Above State Average
Gujarat,Jamnagar,66.0543544747138,33.945645525286196,223,97.61904761904762,Reliable,6.360569978833176,Above State Average
Gujarat,Valsad,66.03178549272869,33.96821450727131,224,100.0,Reliable,6.338000996848059,Above State Average
Maharastra,Ratnagiri,66.02813272113002,33.97186727886998,225,97.61904761904762,Reliable,5.327920421037774,Above State Average
Uttarakhand,Chamoli,66.00171751069821,33.998282489301786,226,100.0,Reliable,-0.9840865315785123,Below State Average
Odisha,Rayagada,65.99882502702037,34.001174972979626,227,100.0,Reliable,-4.8181930976611795,Below State Average
Rajasthan,Nagaur,65.99346825880326,34.00653174119674,228,100.0,Reliable,2.3012859811846553,Above State Average
Andaman & Nicobar Islands,Nicobars,65.98156960015773,34.01843039984227,229,97.61904761904762,Reliable,-3.1236711605422585,Below State Average
Rajasthan,Ganganagar,65.97655956179125,34.02344043820875,230,100.0,Reliable,2.284377284172642,Above State Average
NCT of Delhi,Shahdara,65.9695982431895,34.030401756810505,231,97.61904761904762,Reliable,-0.1135869302989505,Below State Average
West Bengal,Hugli,65.96163384364402,34.03836615635598,232,97.61904761904762,Reliable,2.559643349311898,Above State Average
Tripura,West Tripura,65.93086515283497,34.06913484716503,233,100.0,Reliable,11.510603940737305,Above State Average
Chhattisgarh,Mungeli,65.91321033023483,34.08678966976517,234,100.0,Reliable,2.601249074363764,Above State Average
West Bengal,Dakshin Dinajpur,65.88339161875163,34.11660838124837,235,100.0,Reliable,2.4814011244195058,Above State Average
Gujarat,Surat,65.83619300161472,34.16380699838528,236,100.0,Reliable,6.142408505734089,Above State Average
Rajasthan,Banswara,65.79375706334315,34.20624293665685,237,100.0,Reliable,2.1015747857245444,Above State Average
Uttar Pradesh,Shamli,65.71792965373496,34.282070346265044,238,100.0,Reliable,8.809273882669885,Above State Average
Uttar Pradesh,Meerut,65.71138397342504,34.28861602657496,239,100.0,Reliable,8.802728202359972,Above State Average
Punjab,Kapurthala,65.69414315857527,34.30585684142473,240,97.61904761904762,Reliable,-0.1637557181914815,Below State Average
Mizoram,Mamit,65.6933088704641,34.306691129535906,241,100.0,Reliable,2.1193360386859936,Above State Average
Andhra Pradesh,Chittoor,65.68308573998976,34.316914260010236,242,100.0,Reliable,1.438181889753821,Above State Average
Uttar Pradesh,Saharanpur,65.66570334536058,34.33429665463942,243,100.0,Reliable,8.757047574295513,Above State Average
Haryana,Sonipat,65.59362742005719,34.40637257994281,244,100.0,Reliable,-0.4495861609049143,Below State Average
NCT of Delhi,South West,65.56545044062112,34.43454955937888,245,100.0,Reliable,-0.517734732867325,Below State Average
NCT of Delhi,Central,65.56100891278213,34.43899108721787,246,97.61904761904762,Reliable,-0.522176260706317,Below State Average
Maharastra,Amravati,65.54686317711464,34.453136822885355,247,100.0,Reliable,4.846650877022398,Above State Average
Rajasthan,Jodhpur,65.50758830790186,34.492411692098145,248,100.0,Reliable,1.815406030283249,Above State Average
Maharastra,Gondiya,65.47779216912738,34.52220783087262,249,100.0,Reliable,4.7775798690351365,Above State Average
Uttarakhand,Udham Singh Nagar,65.46616557001343,34.53383442998657,250,100.0,Reliable,-1.5196384722632956,Below State Average
Chhattisgarh,Mahasamund,65.46436995468936,34.53563004531064,251,100.0,Reliable,2.1524086988182916,Above State Average
Madhya Pradesh,Harda,65.46347252690113,34.53652747309887,252,100.0,Reliable,1.3468451703417088,Above State Average
Odisha,Jajapur,65.45489942303323,34.545100576966774,253,100.0,Reliable,-5.362118701648328,Below State Average
Madhya Pradesh,Khandwa (East Nimar),65.45361333988873,34.54638666011127,254,97.61904761904762,Reliable,1.3369859833293134,Above State Average
Madhya Pradesh,Vidisha,65.43173434497263,34.568265655027375,255,100.0,Reliable,1.3151069884132056,Above State Average
Uttar Pradesh,Hapur,65.41725755427048,34.58274244572952,256,100.0,Reliable,8.508601783205407,Above State Average
Andhra Pradesh,West Godavari,65.3343216791347,34.6656783208653,257,97.61904761904762,Reliable,1.0894178288987604,Above State Average
Haryana,Yamunanagar,65.33288503095999,34.667114969040014,258,100.0,Reliable,-0.7103285500021173,Below State Average
Jharkhand,Gumla,65.32748081569082,34.67251918430918,259,100.0,Reliable,9.220530197307674,Above State Average
Himachal Pradesh,Una,65.31960721992478,34.68039278007522,260,100.0,Reliable,-6.198010653507595,Below State Average
Rajasthan,Hanumangarh,65.29469935094355,34.705300649056454,261,100.0,Reliable,1.6025170733249396,Above State Average
Nagaland,Mokokchung,65.28265263459369,34.71734736540631,262,100.0,Reliable,13.796444732895374,Above State Average
Telangana,Yadadri Bhuvanagiri,65.2675406122944,34.7324593877056,263,100.0,Reliable,3.0597199320649864,Above State Average
Uttarakhand,Tehri Garhwal,65.24686722390427,34.753132776095725,264,100.0,Reliable,-1.7389368183724514,Below State Average
Rajasthan,Pratapgarh,65.20809563832641,34.79190436167359,265,100.0,Reliable,1.5159133607078061,Above State Average
Rajasthan,Sirohi,65.19760431987567,34.802395680124334,266,100.0,Reliable,1.5054220422570594,Above State Average
West Bengal,South Twenty Four Pargana,65.18228137918848,34.81771862081152,267,100.0,Reliable,1.7802908848563561,Above State Average
Rajasthan,Dungarpur,65.17311587868419,34.826884121315814,268,100.0,Reliable,1.4809336010655798,Above State Average
Meghalaya,South Garo Hills,65.16986263576003,34.830137364239974,269,100.0,Reliable,10.000960612480391,Above State Average
Tamil Nadu,Karur,65.11618828286139,34.88381171713861,270,97.61904761904762,Reliable,-8.365796651995169,Below State Average
Jammu & Kashmir,Kupwara,65.0917251934032,34.90827480659679,271,100.0,Reliable,0.7478713883620998,Above State Average
Haryana,Rohtak,65.05465259020419,34.945347409795815,272,100.0,Reliable,-0.988560990757918,Below State Average
Arunachal Pradesh,Anjaw,64.99087688929373,35.00912311070627,273,100.0,Reliable,6.4832355529274395,Above State Average
West Bengal,Kolkata,64.97463335011699,35.02536664988301,274,97.61904761904762,Reliable,1.5726428557848635,Above State Average
Telangana,Mahabubnagar,64.94520196876405,35.05479803123595,275,100.0,Reliable,2.7373812885346425,Above State Average
Rajasthan,Jhalawar,64.873534225558,35.126465774441996,276,100.0,Reliable,1.1813519479393975,Above State Average
Madhya Pradesh,Khargone (West Nimar),64.81146215442291,35.18853784557709,277,100.0,Reliable,0.6948347978634928,Above State Average
Telangana,Jagitial,64.8082676287006,35.191732371299395,278,97.61904761904762,Reliable,2.6004469484711947,Above State Average
Telangana,Jayashankar Bhupalapally,64.7842262943024,35.2157737056976,279,97.61904761904762,Reliable,2.576405614072989,Above State Average
Rajasthan,Ajmer,64.73502504544163,35.26497495455837,280,100.0,Reliable,1.042842767823025,Above State Average
Punjab,Moga,64.72554355611707,35.274456443882926,281,97.61904761904762,Reliable,-1.1323553206496797,Below State Average
Assam,Dibrugarh,64.70489091999357,35.295109080006426,282,100.0,Reliable,8.708914989282555,Above State Average
West Bengal,Haora,64.69576520334135,35.30423479665865,283,97.61904761904762,Reliable,1.2937747090092273,Above State Average
Manipur,Bishnupur,64.69563722640365,35.30436277359635,284,100.0,Reliable,3.857759412650722,Above State Average
Madhya Pradesh,Gwalior,64.61802048177535,35.381979518224654,285,100.0,Reliable,0.5013931252159267,Above State Average
Haryana,Mahendragarh,64.58384486825346,35.416155131746535,286,100.0,Reliable,-1.4593687127086383,Below State Average
Odisha,Anugul,64.58092920060233,35.41907079939767,287,100.0,Reliable,-6.236088924079226,Below State Average
Punjab,Barnala,64.56227344979227,35.43772655020773,288,100.0,Reliable,-1.2956254269744818,Below State Average
Gujarat,Junagadh,64.50764473783596,35.49235526216404,289,100.0,Reliable,4.813860241955332,Above State Average
Uttar Pradesh,Varanasi,64.45925107855882,35.54074892144118,290,100.0,Reliable,7.550595307493751,Above State Average
Punjab,Amritsar,64.40107721656453,35.59892278343547,291,100.0,Reliable,-1.4568216602022233,Below State Average
Jharkhand,Lohardaga,64.40025626560454,35.59974373439546,292,100.0,Reliable,8.293305647221395,Above State Average
Punjab,Ludhiana,64.38765749287442,35.612342507125575,293,97.61904761904762,Reliable,-1.4702413838923292,Below State Average
Rajasthan,Jalor,64.38473357455634,35.615266425443664,294,100.0,Reliable,0.6925512969377294,Above State Average
West Bengal,Koch Bihar,64.36878728879427,35.631212711205734,295,100.0,Reliable,0.966796794462141,Above State Average
Uttarakhand,Uttarkashi,64.34018852778107,35.659811472218934,296,100.0,Reliable,-2.6456155144956597,Below State Average
Odisha,Sundargarh,64.30189635696127,35.698103643038735,297,100.0,Reliable,-6.515121767720288,Below State Average
West Bengal,Nadia,64.27950212282127,35.72049787717873,298,100.0,Reliable,0.8775116284891453,Above State Average
NCT of Delhi,North West,64.27190595563036,35.72809404436964,299,100.0,Reliable,-1.811279217858086,Below State Average
Punjab,Mansa,64.2580962048681,35.741903795131904,300,100.0,Reliable,-1.599802671898658,Below State Average
Telangana,Nizamabad,64.2457980531615,35.754201946838506,301,100.0,Reliable,2.037977372932083,Above State Average
Jharkhand,Purbi Singhbhum,64.16105776919703,35.83894223080297,302,100.0,Reliable,8.054107150813884,Above State Average
Gujarat,Gir Somnath,64.11880827172229,35.88119172827771,303,100.0,Reliable,4.425023775841659,Above State Average
Mizoram,Aizawl,64.10558198373582,35.89441801626418,304,100.0,Reliable,0.5316091519577171,Above State Average
Uttarakhand,Nainital,64.059752527859,35.940247472140996,305,100.0,Reliable,-2.926051514417722,Below State Average
Assam,Sivasagar,64.0069155341831,35.99308446581691,306,100.0,Reliable,8.010939603472075,Above State Average
Telangana,Nirmal,63.98956082187227,36.01043917812773,307,100.0,Reliable,1.7817401416428567,Above State Average
Maharastra,Ahmadnagar,63.97422580779153,36.02577419220847,308,100.0,Reliable,3.27401350769928,Above State Average
Telangana,Medchal-Malkajgiri,63.88005973154051,36.11994026845949,309,97.61904761904762,Reliable,1.6722390513111023,Above State Average
Telangana,Mancherial,63.8764051495359,36.1235948504641,310,97.61904761904762,Reliable,1.668584469306488,Above State Average
Telangana,Jangoan,63.872035926145436,36.127964073854564,311,97.61904761904762,Reliable,1.6642152459160258,Above State Average
Madhya Pradesh,Katni,63.8445475490263,36.1554524509737,312,100.0,Reliable,-0.27207980753311745,Below State Average
Rajasthan,Dausa,63.8261928553318,36.1738071446682,313,100.0,Reliable,0.13401057771319103,Above State Average
Jammu & Kashmir,Anantnag,63.818391476168756,36.181608523831244,314,100.0,Reliable,-0.5254623288723508,Below State Average
Madhya Pradesh,Ashoknagar,63.798787606610965,36.201212393389035,315,100.0,Reliable,-0.31783974994845465,Below State Average
Telangana,Nagarkurnool,63.780793192688634,36.219206807311366,316,97.61904761904762,Reliable,1.5729725124592235,Above State Average
Rajasthan,Sikar,63.75381260688854,36.24618739311146,317,100.0,Reliable,0.061630329269931394,Above State Average
Telangana,Bhadradri Kothagudem,63.751355718960504,36.248644281039496,318,100.0,Reliable,1.5435350387310933,Above State Average
Jammu & Kashmir,Bandipore,63.73731111022117,36.26268888977883,319,100.0,Reliable,-0.606542694819936,Below State Average
Arunachal Pradesh,Lohit,63.68932057029226,36.31067942970774,320,100.0,Reliable,5.181679233925969,Above State Average
Jammu & Kashmir,Rajouri,63.64845766459931,36.35154233540069,321,100.0,Reliable,-0.6953961404417939,Below State Average
Assam,Majuli,63.61359043056439,36.38640956943561,322,97.61904761904762,Reliable,7.617614499853374,Above State Average
Telangana,Wanaparthy,63.55450100760568,36.44549899239432,323,100.0,Reliable,1.3466803273762693,Above State Average
Jammu & Kashmir,Ramban,63.47760777060564,36.52239222939436,324,100.0,Reliable,-0.8662460344354699,Below State Average
Uttar Pradesh,Hamirpur,63.456445242615715,36.543554757384285,325,100.0,Reliable,6.547789471550644,Above State Average
Haryana,Faridabad,63.41642913892667,36.58357086107333,326,100.0,Reliable,-2.6267844420354365,Below State Average
Ladakh,Kargil,63.39595459951416,36.60404540048584,327,100.0,Reliable,0.8950577213779027,Above State Average
Assam,Dhemaji,63.39189633529885,36.60810366470115,328,100.0,Reliable,7.395920404587834,Above State Average
Madhya Pradesh,Dhar,63.32182057800783,36.67817942199217,329,100.0,Reliable,-0.7948067785515889,Below State Average
Madhya Pradesh,Bhind,63.22582870466537,36.77417129533463,330,100.0,Reliable,-0.8907986518940518,Below State Average
Mizoram,Lunglei,63.20132530375138,36.79867469624862,331,100.0,Reliable,-0.3726475280267181,Below State Average
Karnataka,Belgaum,63.13509284430004,36.86490715569996,332,100.0,Reliable,-3.3425617208601253,Below State Average
Andhra Pradesh,Vizianagaram,63.098092415035104,36.901907584964896,333,95.23809523809523,Reliable,-1.1468114352008385,Below State Average
Madhya Pradesh,Datia,63.01443026306844,36.98556973693156,334,100.0,Reliable,-1.1021970934909788,Below State Average
Arunachal Pradesh,Dibang Valley,63.00705196267702,36.99294803732298,335,100.0,Reliable,4.499410626310727,Above State Average
Uttar Pradesh,Sultanpur,62.98649869469374,37.01350130530626,336,100.0,Reliable,6.077842923628673,Above State Average
Gujarat,Tapi,62.982608565150315,37.017391434849685,337,100.0,Reliable,3.288824069269687,Above State Average
Manipur,Imphal East,62.96769427678905,37.03230572321095,338,100.0,Reliable,2.1298164630361214,Above State Average
Chhattisgarh,Raipur,62.96746832622811,37.03253167377189,339,100.0,Reliable,-0.34449292964296063,Below State Average
Uttar Pradesh,Baghpat,62.93057673926984,37.06942326073016,340,100.0,Reliable,6.021920968204768,Above State Average
Chhattisgarh,Janjgir - Champa,62.921524673245955,37.078475326754045,341,100.0,Reliable,-0.3904365826251137,Below State Average
Meghalaya,West Garo Hills,62.893600115718286,37.106399884281714,342,100.0,Reliable,7.724698092438651,Above State Average
Rajasthan,Bundi,62.890626864558335,37.109373135441665,343,100.0,Reliable,-0.8015554130602709,Below State Average
Telangana,Ranga Reddy,62.8382089678966,37.1617910321034,344,100.0,Reliable,0.6303882876671878,Above State Average
Jammu & Kashmir,Ganderbal,62.82706704162782,37.17293295837218,345,100.0,Reliable,-1.516786763413286,Below State Average
Madhya Pradesh,Alirajpur,62.747400690676464,37.252599309323536,346,100.0,Reliable,-1.3692266658829553,Below State Average
Punjab,Firozpur,62.64771184044974,37.35228815955026,347,100.0,Reliable,-3.2101870363170164,Below State Average
Chhattisgarh,Surajpur,62.56344211907998,37.43655788092002,348,100.0,Reliable,-0.7485191367910886,Below State Average
Maharastra,Sangli,62.47909621045187,37.52090378954813,349,100.0,Reliable,1.7788839103596246,Above State Average
Chhattisgarh,Balrampur,62.455507903374986,37.544492096625014,350,100.0,Reliable,-0.8564533524960822,Below State Average
Madhya Pradesh,Barwani,62.368636520944186,37.631363479055814,351,100.0,Reliable,-1.7479908356152336,Below State Average
Kerala,Palakkad,62.274112084497865,37.725887915502135,352,100.0,Reliable,-10.675220804555373,Below State Average
Uttar Pradesh,Auraiya,62.25274892902288,37.74725107097712,353,100.0,Reliable,5.344093157957808,Above State Average
Maharastra,Latur,62.24853098122122,37.75146901877878,354,100.0,Reliable,1.5483186811289755,Above State Average
Madhya Pradesh,Dindori,62.16280151496333,37.83719848503667,355,100.0,Reliable,-1.9538258415960925,Below State Average
Gujarat,Kachchh,62.09619744823632,37.90380255176368,356,100.0,Reliable,2.4024129523556894,Above State Average
Telangana,Nalgonda,62.07451818760616,37.92548181239384,357,100.0,Reliable,-0.1333024926232511,Below State Average
Chhattisgarh,Gariyaband,62.061622572422024,37.938377427577976,358,100.0,Reliable,-1.2503386834490442,Below State Average
Telangana,Siddipet,62.04005849280509,37.95994150719491,359,97.61904761904762,Reliable,-0.16776218742432292,Below State Average
Uttar Pradesh,Mahrajganj,61.9905344008693,38.0094655991307,360,100.0,Reliable,5.08187862980423,Above State Average
Maharastra,Buldana,61.990000071195205,38.009999928804795,361,97.61904761904762,Reliable,1.289787771102958,Above State Average
Arunachal Pradesh,Changlang,61.92883249469893,38.07116750530107,362,100.0,Reliable,3.4211911583326398,Above State Average
Gujarat,Amreli,61.9010004748602,38.0989995251398,363,97.61904761904762,Reliable,2.207215978979569,Above State Average
Telangana,Peddapalli,61.85871100565367,38.14128899434633,364,97.61904761904762,Reliable,-0.34910967457574316,Below State Average
Punjab,Faridkot,61.79374179632257,38.20625820367743,365,100.0,Reliable,-4.064157080444183,Below State Average
Jharkhand,Ramgarh,61.75505291649682,38.24494708350318,366,100.0,Reliable,5.6481022981136775,Above State Average
Haryana,Panipat,61.74223860268291,38.25776139731709,367,100.0,Reliable,-4.300974978279193,Below State Average
Rajasthan,Tonk,61.631695112910556,38.368304887089444,368,100.0,Reliable,-2.06048716470805,Below State Average
Madhya Pradesh,Sidhi,61.6179673675168,38.3820326324832,369,100.0,Reliable,-2.498659989042622,Below State Average
Ladakh,Leh(Ladakh),61.60583915675835,38.39416084324165,370,100.0,Reliable,-0.8950577213779098,Below State Average
Telangana,Kamareddy,61.58321872946487,38.41678127053513,371,97.61904761904762,Reliable,-0.6246019507645428,Below State Average
Madhya Pradesh,Morena,61.55940107760559,38.44059892239441,372,100.0,Reliable,-2.557226278953827,Below State Average
NCT of Delhi,West,61.53152510462552,38.46847489537448,373,100.0,Reliable,-4.5516600688629225,Below State Average
Uttar Pradesh,Ambedkar Nagar,61.522160865192596,38.477839134807404,374,100.0,Reliable,4.613505094127525,Above State Average
Jammu & Kashmir,Udhampur,61.52083883886871,38.47916116113129,375,100.0,Reliable,-2.8230149661723942,Below State Average
Uttar Pradesh,Amethi,61.501845257372224,38.498154742627776,376,100.0,Reliable,4.593189486307153,Above State Average
Jammu & Kashmir,Baramula,61.483095455090876,38.516904544909124,377,100.0,Reliable,-2.860758349950231,Below State Average
Gujarat,Patan,61.466997786408186,38.533002213591814,378,100.0,Reliable,1.7732132905275577,Above State Average
Karnataka,Davanagere,61.44982387045506,38.55017612954494,379,97.61904761904762,Reliable,-5.027830694705102,Below State Average
Arunachal Pradesh,Siang,61.43461527514489,38.56538472485511,380,97.61904761904762,Reliable,2.926973938778602,Above State Average
West Bengal,Maldah,61.40173359697854,38.59826640302146,381,100.0,Reliable,-2.0002568973535872,Below State Average
Uttar Pradesh,Moradabad,61.36125822639893,38.63874177360107,382,100.0,Reliable,4.45260245533386,Above State Average
Karnataka,Bidar,61.35544895876036,38.64455104123964,383,100.0,Reliable,-5.1222056063998025,Below State Average
Uttar Pradesh,Gautam Buddha Nagar,61.349887075599675,38.650112924400325,384,100.0,Reliable,4.441231304534604,Above State Average
Odisha,Kendujhar,61.344567351647214,38.655432648352786,385,100.0,Reliable,-9.472450773034339,Below State Average
Uttar Pradesh,Sant Kabir Nagar,61.33766536849315,38.66233463150685,386,100.0,Reliable,4.429009597428077,Above State Average
Maharastra,Yavatmal,61.33282987348042,38.66717012651958,387,100.0,Reliable,0.632617573388174,Above State Average
Karnataka,Bellary,61.32821626430766,38.67178373569234,388,100.0,Reliable,-5.149438300852502,Below State Average
Meghalaya,South West Garo Hills,61.28670275073205,38.71329724926795,389,100.0,Reliable,6.117800727452412,Above State Average
Uttar Pradesh,Pilibhit,61.261352631000214,38.738647368999786,390,100.0,Reliable,4.352696859935143,Above State Average
Odisha,Mayurbhanj,61.1957203129636,38.8042796870364,391,100.0,Reliable,-9.621297811717952,Below State Average
Uttar Pradesh,Jaunpur,61.13072840168973,38.86927159831027,392,100.0,Reliable,4.222072630624659,Above State Average
Telangana,Medak,61.068103726925315,38.931896273074685,393,97.61904761904762,Reliable,-1.1397169533040952,Below State Average
Madhya Pradesh,Shivpuri,61.016973269957624,38.983026730042376,394,100.0,Reliable,-3.099654086601795,Below State Average
Jharkhand,Ranchi,60.951576622541964,39.048423377458036,395,100.0,Reliable,4.844626004158819,Above State Average
Maharastra,Solapur,60.936905706474015,39.063094293525985,396,100.0,Reliable,0.23669340638176806,Above State Average
Telangana,Hyderabad,60.89730120130727,39.10269879869273,397,97.61904761904762,Reliable,-1.3105194789221386,Below State Average
Telangana,Khammam,60.89567234266784,39.10432765733216,398,100.0,Reliable,-1.312148337561574,Below State Average
Andhra Pradesh,Sri Potti Sriramulu Nello,60.87934787679678,39.12065212320322,399,97.61904761904762,Reliable,-3.3655559734391645,Below State Average
Rajasthan,Rajsamand,60.8391402844245,39.1608597155755,400,100.0,Reliable,-2.853041993194104,Below State Average
Rajasthan,Karauli,60.817247070985665,39.182752929014335,401,100.0,Reliable,-2.8749352066329408,Below State Average
Telangana,Warangal Urban,60.80161847897182,39.19838152102818,402,97.61904761904762,Reliable,-1.4062022012575923,Below State Average
West Bengal,Bankura,60.79399091552026,39.20600908447974,403,100.0,Reliable,-2.6079995788118637,Below State Average
Telangana,Mahabubabad,60.76891665654422,39.23108334345578,404,100.0,Reliable,-1.4389040236851898,Below State Average
Assam,Tinsukia,60.76068080000964,39.23931919999036,405,100.0,Reliable,4.764704869298619,Above State Average
Telangana,Vikarabad,60.750943952905565,39.249056047094435,406,97.61904761904762,Reliable,-1.456876727323845,Below State Average
Gujarat,Anand,60.68599469905546,39.31400530094454,407,97.61904761904762,Reliable,0.9922102031748352,Above State Average
West Bengal,Uttar Dinajpur,60.66421589011452,39.33578410988548,408,100.0,Reliable,-2.7377746042176057,Below State Average
Madhya Pradesh,Singrauli,60.60814687838373,39.39185312161627,409,97.61904761904762,Reliable,-3.5084804781756915,Below State Average
Gujarat,Morbi,60.59154547926092,39.40845452073908,410,100.0,Reliable,0.8977609833802944,Above State Average
Rajasthan,Bikaner,60.55631970407434,39.44368029592566,411,100.0,Reliable,-3.135862573544266,Below State Average
Uttar Pradesh,Ghaziabad,60.523729421006585,39.476270578993415,412,100.0,Reliable,3.6150736499415146,Above State Average
Rajasthan,Churu,60.500433919318226,39.499566080681774,413,100.0,Reliable,-3.19174835830038,Below State Average
Haryana,Palwal,60.49893631305455,39.50106368694545,414,100.0,Reliable,-5.544277267907553,Below State Average
Arunachal Pradesh,Lower Subansiri,60.4941002423116,39.5058997576884,415,100.0,Reliable,1.9864589059453124,Above State Average
Uttarakhand,Hardwar,60.463095959321564,39.536904040678436,416,100.0,Reliable,-6.5227080829551625,Below State Average
Maharastra,Kolhapur,60.458365102096025,39.541634897903975,417,100.0,Reliable,-0.241847197996222,Below State Average
Maharastra,Thane,60.42753807630075,39.57246192369925,418,97.61904761904762,Reliable,-0.27267422379149764,Below State Average
Madhya Pradesh,Hoshangabad,60.30412290255076,39.69587709744924,419,100.0,Reliable,-3.8125044540086606,Below State Average
Telangana,Sangareddy,60.28647474870667,39.71352525129333,420,100.0,Reliable,-1.921345931522744,Below State Average
West Bengal,Purba Medinipur,60.28505059928117,39.71494940071883,421,100.0,Reliable,-3.1169398950509546,Below State Average
Haryana,Gurgaon,60.28503579553549,39.71496420446451,422,100.0,Reliable,-5.758177785426611,Below State Average
Rajasthan,Jaisalmer,60.28212459542659,39.71787540457341,423,100.0,Reliable,-3.4100576821920185,Below State Average
Telangana,Karimnagar,60.23997990340525,39.76002009659475,424,100.0,Reliable,-1.9678407768241613,Below State Average
Karnataka,Bagalkot,60.2356727674647,39.7643272325353,425,100.0,Reliable,-6.241981797695466,Below State Average
Chhattisgarh,Narayanpur,60.21761547338834,39.78238452661166,426,100.0,Reliable,-3.0943457824827263,Below State Average
West Bengal,Birbhum,60.20878820049969,39.79121179950031,427,100.0,Reliable,-3.193202293832435,Below State Average
Maharastra,Hingoli,60.20347017170263,39.79652982829737,428,100.0,Reliable,-0.49674212838962006,Below State Average
Uttar Pradesh,Muzaffarnagar,60.18501971977029,39.81498028022971,429,100.0,Reliable,3.2763639487052174,Above State Average
Uttarakhand,Garhwal,60.17076749673005,39.82923250326995,430,97.61904761904762,Reliable,-6.8150365455466755,Below State Average
Jharkhand,Saraikela-Kharsawan,60.142612999335064,39.857387000664936,431,100.0,Reliable,4.035662380951919,Above State Average
Telangana,Warangal Rural,60.130472475890784,39.869527524109216,432,100.0,Reliable,-2.0773482043386267,Below State Average
NCT of Delhi,North,60.130091248029,39.869908751971,433,100.0,Reliable,-5.953093925459449,Below State Average
Uttar Pradesh,Pratapgarh,60.103384036056156,39.896615963943844,434,100.0,Reliable,3.1947282649910846,Above State Average
Gujarat,The Dangs,60.07248055698002,39.92751944301998,435,100.0,Reliable,0.37869606109939014,Above State Average
Telangana,Komaram Bheem Asifabad,60.06991323367391,39.93008676632609,436,100.0,Reliable,-2.137907446555502,Below State Average
Gujarat,Vadodara,60.04629903385536,39.95370096614464,437,100.0,Reliable,0.3525145379747343,Above State Average
Jharkhand,Latehar,60.03287496589653,39.96712503410347,438,100.0,Reliable,3.925924347513387,Above State Average
Gujarat,Bhavnagar,60.01257299436795,39.98742700563205,439,100.0,Reliable,0.31878849848732216,Above State Average
Karnataka,Gadag,60.00399154501714,39.99600845498286,440,100.0,Reliable,-6.473663020143022,Below State Average
Andhra Pradesh,East Godavari,60.00383749270664,39.99616250729336,441,97.61904761904762,Reliable,-4.241066357529306,Below State Average
Madhya Pradesh,Satna,59.99860495505406,40.00139504494594,442,97.61904761904762,Reliable,-4.118022401505357,Below State Average
Jammu & Kashmir,Reasi,59.993919371407046,40.006080628592954,443,100.0,Reliable,-4.349934433634061,Below State Average
Uttar Pradesh,Mahoba,59.984398931649764,40.015601068350236,444,100.0,Reliable,3.075743160584693,Above State Average
Meghalaya,East Garo Hills,59.91687743914582,40.08312256085418,445,100.0,Reliable,4.747975415866186,Above State Average
Assam,Golaghat,59.76003439458027,40.23996560541973,446,100.0,Reliable,3.7640584638692545,Above State Average
Uttar Pradesh,Etawah,59.67584003870428,40.32415996129572,447,100.0,Reliable,2.767184267639209,Above State Average
Uttar Pradesh,Lucknow,59.67027042922868,40.32972957077132,448,97.61904761904762,Reliable,2.7616146581636087,Above State Average
Uttar Pradesh,Jyotiba Phule Nagar,59.65488521235798,40.34511478764202,449,100.0,Reliable,2.746229441292911,Above State Average
Assam,Charaideo,59.57840496103255,40.42159503896745,450,100.0,Reliable,3.582429030321528,Above State Average
Madhya Pradesh,Rajgarh,59.507073741886586,40.492926258113414,451,100.0,Reliable,-4.6095536146728335,Below State Average
Telangana,Suryapet,59.50346664636674,40.49653335363326,452,100.0,Reliable,-2.7043540338626713,Below State Average
Chhattisgarh,Dantewada,59.49246305320521,40.50753694679479,453,100.0,Reliable,-3.819498202665855,Below State Average
Jammu & Kashmir,Kishtwar,59.3453977488124,40.6546022511876,454,100.0,Reliable,-4.998456056228704,Below State Average
Manipur,Tamenglong,59.341985454928775,40.658014545071225,455,100.0,Reliable,-1.4958923588241504,Below State Average
West Bengal,Puruliya,59.33838608912641,40.66161391087359,456,100.0,Reliable,-4.063604405205716,Below State Average
Assam,Lakhimpur,59.31640592274818,40.68359407725182,457,100.0,Reliable,3.3204299920371625,Above State Average
Maharastra,Akola,59.31631851035955,40.68368148964045,458,100.0,Reliable,-1.3838937897326957,Below State Average
Dadra and Nagar Haveli & Daman and Diu,Daman,59.29056381100171,40.70943618899829,459,97.61904761904762,Reliable,-7.9810427425264905,Below State Average
Uttar Pradesh,Faizabad,59.23765858926332,40.76234141073668,460,100.0,Reliable,2.329002818198248,Above State Average
Punjab,Muktsar,59.21637836251262,40.78362163748738,461,97.61904761904762,Reliable,-6.6415205142541325,Below State Average
Andhra Pradesh,Kurnool,59.214559564680364,40.785440435319636,462,100.0,Reliable,-5.030344285555579,Below State Average
West Bengal,Paschim Medinipur,59.212484540604336,40.787515459395664,463,100.0,Reliable,-4.189505953727789,Below State Average
Chhattisgarh,Baloda Bazar,59.17484961120821,40.82515038879179,464,100.0,Reliable,-4.137111644662859,Below State Average
Uttar Pradesh,Gorakhpur,59.16775099859642,40.83224900140358,465,100.0,Reliable,2.259095227531347,Above State Average
Gujarat,Sabar Kantha,59.13062804728259,40.86937195271741,466,100.0,Reliable,-0.5631564485980363,Below State Average
Karnataka,Gulbarga,59.124638864825414,40.875361135174586,467,100.0,Reliable,-7.353015700334751,Below State Average
Karnataka,Koppal,59.10888517411097,40.89111482588903,468,100.0,Reliable,-7.368769391049192,Below State Average
Telangana,Jogulamba Gadwal,59.08293649093713,40.91706350906287,469,100.0,Reliable,-3.124884189292281,Below State Average
Punjab,Fazilka,59.05781390283359,40.94218609716641,470,100.0,Reliable,-6.800084973933167,Below State Average
Uttar Pradesh,Mau,59.04068489409015,40.95931510590985,471,100.0,Reliable,2.1320291230250774,Above State Average
West Bengal,Paschim Barddhaman,59.01254166886578,40.98745833113422,472,100.0,Reliable,-4.389448825466346,Below State Average
Gujarat,Devbhumi Dwarka,58.97735944198979,41.02264055801021,473,100.0,Reliable,-0.7164250538908377,Below State Average
Assam,Jorhat,58.946344038167645,41.053655961832355,474,100.0,Reliable,2.950368107456626,Above State Average
Punjab,Bathinda,58.91933834100232,41.08066165899768,475,97.61904761904762,Reliable,-6.938560535764431,Below State Average
West Bengal,Murshidabad,58.87064466691901,41.12935533308099,476,100.0,Reliable,-4.531345827413112,Below State Average
Uttar Pradesh,Bulandshahr,58.829667544220726,41.170332455779274,477,100.0,Reliable,1.921011773155655,Above State Average
Manipur,Churachandpur,58.8190906691152,41.1809093308848,478,100.0,Reliable,-2.0187871446377272,Below State Average
Uttar Pradesh,Rampur,58.75649506324482,41.24350493675518,479,100.0,Reliable,1.8478392921797493,Above State Average
Uttar Pradesh,Aligarh,58.74380903477309,41.25619096522691,480,100.0,Reliable,1.8351532637080226,Above State Average
Uttar Pradesh,Deoria,58.69899361257423,41.30100638742577,481,100.0,Reliable,1.7903378415091566,Above State Average
Rajasthan,Dhaulpur,58.61937337579265,41.38062662420735,482,100.0,Reliable,-5.072808901825958,Below State Average
Andhra Pradesh,Prakasam,58.61152471551064,41.38847528448936,483,95.23809523809523,Reliable,-5.633379134725303,Below State Average
Madhya Pradesh,Sehore,58.48604814538581,41.51395185461419,484,100.0,Reliable,-5.630579211173611,Below State Average
Uttar Pradesh,Kushinagar,58.41523921054478,41.58476078945522,485,100.0,Reliable,1.5065834394797122,Above State Average
Manipur,Senapati,58.31192907527619,41.68807092472381,486,100.0,Reliable,-2.5259487384767354,Below State Average
Jharkhand,Simdega,58.29874550910564,41.70125449089436,487,100.0,Reliable,2.1917948907224982,Above State Average
Gujarat,Panch Mahals,58.25472995664117,41.74527004335883,488,100.0,Reliable,-1.4390545392394571,Below State Average
Jharkhand,Kodarma,58.24834133929413,41.75165866070587,489,100.0,Reliable,2.1413907209109837,Above State Average
Gujarat,Ahmadabad,58.22941537261679,41.77058462738321,490,100.0,Reliable,-1.464369123263836,Below State Average
Uttar Pradesh,Basti,58.22871344980739,41.77128655019261,491,100.0,Reliable,1.320057678742316,Above State Average
Arunachal Pradesh,Kurung Kumey,58.12603822816403,41.87396177183597,492,97.61904761904762,Reliable,-0.3816031082022633,Below State Average
Karnataka,Raichur,58.110273827705655,41.889726172294345,493,100.0,Reliable,-8.36738073745451,Below State Average
Uttar Pradesh,Mirzapur,58.06453207125231,41.93546792874769,494,100.0,Reliable,1.1558763001872379,Above State Average
Karnataka,Yadgir,58.028674904132565,41.971325095867435,495,100.0,Reliable,-8.4489796610276,Below State Average
Madhya Pradesh,Rewa,58.013973900273584,41.986026099726416,496,100.0,Reliable,-6.102653456285836,Below State Average
Jharkhand,Bokaro,57.87444709214145,42.12555290785855,497,100.0,Reliable,1.7674964737583068,Above State Average
Uttar Pradesh,Bareilly,57.85274939120359,42.14725060879641,498,100.0,Reliable,0.944093620138517,Above State Average
Assam,Morigaon,57.84957975151239,42.15042024848761,499,100.0,Reliable,1.8536038208013679,Above State Average
Uttar Pradesh,Agra,57.828263543530284,42.171736456469716,500,100.0,Reliable,0.9196077724652127,Above State Average
Uttar Pradesh,Chandauli,57.7939090212666,42.2060909787334,501,100.0,Reliable,0.8852532502015293,Above State Average
Karnataka,Bijapur,57.76522286364081,42.23477713635919,502,100.0,Reliable,-8.712431701519357,Below State Average
Madhya Pradesh,Damoh,57.76084767413981,42.23915232586019,503,100.0,Reliable,-6.355779682419609,Below State Average
Jharkhand,Palamu,57.75855423385325,42.24144576614675,504,100.0,Reliable,1.6516036154701084,Above State Average
Assam,Nalbari,57.7056857244671,42.2943142755329,505,100.0,Reliable,1.7097097937560832,Above State Average
Assam,Sonitpur,57.67331098448732,42.32668901551268,506,100.0,Reliable,1.6773350537763037,Above State Average
Gujarat,Botad,57.658905401769864,42.341094598230136,507,100.0,Reliable,-2.0348790941107637,Below State Average
Jharkhand,Hazaribagh,57.642196857367445,42.357803142632555,508,100.0,Reliable,1.5352462389842998,Above State Average
Assam,Goalpara,57.63112837839606,42.36887162160394,509,100.0,Reliable,1.6351524476850443,Above State Average
Manipur,Chandel,57.58564530431909,42.41435469568091,510,100.0,Reliable,-3.2522325094338385,Below State Average
Mizoram,Chandel,57.58564530431909,42.41435469568091,511,100.0,Reliable,-5.988327527459013,Below State Average
Uttar Pradesh,Lalitpur,57.55245009872107,42.44754990127893,512,100.0,Reliable,0.6437943276559963,Above State Average
Uttar Pradesh,Kaushambi,57.4881311185453,42.5118688814547,513,100.0,Reliable,0.5794753474802263,Above State Average
Arunachal Pradesh,West Siang,57.48424698394276,42.51575301605724,514,100.0,Reliable,-1.02339435242353,Below State Average
Gujarat,Gandhinagar,57.407205751113246,42.592794248886754,515,100.0,Reliable,-2.2865787447673824,Below State Average
Gujarat,Chhota Udaipur,57.40286445696587,42.59713554303413,516,100.0,Reliable,-2.2909200389147557,Below State Average
Gujarat,Mahisagar,57.35889024544715,42.64110975455285,517,100.0,Reliable,-2.3348942504334786,Below State Average
Uttar Pradesh,Jalaun,57.257955291250155,42.742044708749845,518,100.0,Reliable,0.3492995201850846,Above State Average
Madhya Pradesh,Sagar,57.17518690265632,42.82481309734368,519,100.0,Reliable,-6.941440453903098,Below State Average
Chhattisgarh,Sukma,57.11732890886334,42.88267109113666,520,100.0,Reliable,-6.194632347007726,Below State Average
Gujarat,Narmada,57.103017613397554,42.896982386602446,521,100.0,Reliable,-2.5907668824830736,Below State Average
Uttar Pradesh,Kanpur Nagar,56.96349583801564,43.03650416198436,522,100.0,Reliable,0.0548400669505682,Above State Average
Arunachal Pradesh,Papum Pare,56.79058051536165,43.20941948463835,523,100.0,Reliable,-1.7170608210046439,Below State Average
Assam,Baksa,56.77491150330781,43.22508849669219,524,100.0,Reliable,0.7789355725967937,Above State Average
Arunachal Pradesh,Tirap,56.74940514866704,43.25059485133296,525,100.0,Reliable,-1.7582361876992536,Below State Average
Chhattisgarh,Korba,56.70760363385584,43.29239636614416,526,100.0,Reliable,-6.604357622015229,Below State Average
Uttar Pradesh,Azamgarh,56.571948798005984,43.428051201994016,527,100.0,Reliable,-0.33670697305908703,Below State Average
Maharastra,Nanded,56.571694653553216,43.428305346446784,528,100.0,Reliable,-4.128517646539031,Below State Average
Uttar Pradesh,Rae Bareli,56.56184587788549,43.43815412211451,529,100.0,Reliable,-0.3468098931795822,Below State Average
Bihar,Gopalganj,56.557114430191966,43.442885569808034,530,100.0,Reliable,7.071202662316608,Above State Average
Arunachal Pradesh,Tawang,56.551768489662784,43.448231510337216,531,100.0,Reliable,-1.9558728467035067,Below State Average
Telangana,Adilabad,56.51233313146159,43.48766686853841,532,100.0,Reliable,-5.695487548767822,Below State Average
Meghalaya,East Jantia Hills,56.474592354051,43.525407645949,533,100.0,Reliable,1.3056903307713625,Above State Average
Arunachal Pradesh,Namsai,56.381697690732715,43.618302309267285,534,100.0,Reliable,-2.1259436456335763,Below State Average
Meghalaya,Ribhoi,56.361591906472235,43.638408093527765,535,100.0,Reliable,1.1926898831925996,Above State Average
Assam,Chirang,56.347410235230896,43.652589764769104,536,100.0,Reliable,0.3514343045198771,Above State Average
Uttar Pradesh,Sambhal,56.333326928620195,43.666673071379805,537,100.0,Reliable,-0.5753288424448755,Below State Average
Arunachal Pradesh,East Siang,56.302682571272186,43.697317428727814,538,100.0,Reliable,-2.204958765094105,Below State Average
Bihar,Rohtas,56.283077013270876,43.716922986729124,539,100.0,Reliable,6.797165245395519,Above State Average
Jharkhand,Khunti,56.23165993401424,43.76834006598576,540,100.0,Reliable,0.12470931563109389,Above State Average
Madhya Pradesh,Chhatarpur,56.22759205604626,43.77240794395374,541,100.0,Reliable,-7.889035300513157,Below State Average
Chhattisgarh,Bilaspur,56.10640011028687,43.89359988971313,542,100.0,Reliable,-7.205561145584198,Below State Average
Maharastra,Pune,56.08536717231982,43.91463282768018,543,97.61904761904762,Reliable,-4.614845127772426,Below State Average
Bihar,Kaimur (Bhabua),56.08267057816985,43.91732942183015,544,100.0,Reliable,6.596758810294489,Above State Average
Chhattisgarh,Bijapur,55.94145571246277,44.05854428753723,545,100.0,Reliable,-7.370505543408299,Below State Average
Arunachal Pradesh,East Kameng,55.837066159222886,44.162933840777114,546,100.0,Reliable,-2.670575177143405,Below State Average
Arunachal Pradesh,Upper Subansiri,55.82235071159601,44.17764928840399,547,100.0,Reliable,-2.685290624770282,Below State Average
Bihar,Aurangabad,55.79358861524644,44.20641138475356,548,100.0,Reliable,6.307676847371084,Above State Average
Assam,Dima Hasao,55.74923626857043,44.25076373142957,549,100.0,Reliable,-0.24673966214059107,Below State Average
Maharastra,Bid,55.63567962810034,44.36432037189966,550,97.61904761904762,Reliable,-5.0645326719919055,Below State Average
Chhattisgarh,Kodagaon,55.61402871305774,44.38597128694226,551,100.0,Reliable,-7.6979325428133265,Below State Average
Assam,Biswanath,55.61006327541395,44.38993672458605,552,100.0,Reliable,-0.3859126552970693,Below State Average
Madhya Pradesh,Sheopur,55.60896708803348,44.39103291196652,553,100.0,Reliable,-8.507660268525939,Below State Average
Maharastra,Washim,55.5554092709869,44.4445907290131,554,100.0,Reliable,-5.144803029105347,Below State Average
Uttar Pradesh,Farrukhabad,55.450651653472946,44.549348346527054,555,100.0,Reliable,-1.4580041175921252,Below State Average
Arunachal Pradesh,Longding,55.44525880301973,44.55474119698027,556,100.0,Reliable,-3.0623825333465575,Below State Average
Gujarat,Bharuch,55.43029501471862,44.56970498528138,557,100.0,Reliable,-4.263489481162011,Below State Average
Uttar Pradesh,Sonbhadra,55.37074403221108,44.62925596778892,558,100.0,Reliable,-1.5379117388539925,Below State Average
Jharkhand,Dhanbad,55.24529993926002,44.75470006073998,559,100.0,Reliable,-0.8616506791231231,Below State Average
Jharkhand,Garhwa,55.129696737366615,44.870303262633385,560,100.0,Reliable,-0.9772538810165301,Below State Average
Assam,Hailakandi,55.12637477996982,44.87362522003018,561,100.0,Reliable,-0.8696011507411967,Below State Average
Uttar Pradesh,Sant Ravidas Nagar (Bhadohi),55.0904319178347,44.9095680821653,562,100.0,Reliable,-1.8182238532303714,Below State Average
Nagaland,Dimapur,54.98854350129742,45.01145649870258,563,100.0,Reliable,3.502335599599107,Above State Average
Arunachal Pradesh,Upper Siang,54.921046774685735,45.078953225314265,564,100.0,Reliable,-3.586594561680556,Below State Average
Tripura,Khowai,54.83564121252489,45.16435878747511,565,100.0,Reliable,0.415380000427227,Above State Average
Tripura,Sepahijala,54.828886774265854,45.171113225734146,566,100.0,Reliable,0.40862556216819,Above State Average
Uttar Pradesh,Sitapur,54.82607402995774,45.17392597004226,567,100.0,Reliable,-2.082581741107333,Below State Average
Uttar Pradesh,Mainpuri,54.73647612465914,45.26352387534086,568,100.0,Reliable,-2.1721796464059295,Below State Average
Assam,Karbi Anglong,54.583255745693904,45.416744254306096,569,100.0,Reliable,-1.4127201850171147,Below State Average
Uttar Pradesh,Siddharthnagar,54.48333144238526,45.51666855761474,570,100.0,Reliable,-2.425324328679814,Below State Average
Arunachal Pradesh,Kra Daadi,54.45419161566871,45.54580838433129,571,100.0,Reliable,-4.053449720697579,Below State Average
Meghalaya,South West Khasi Hills,54.40378748066904,45.59621251933096,572,100.0,Reliable,-0.765114542610597,Below State Average
Uttar Pradesh,Jhansi,54.36450376083722,45.63549623916278,573,100.0,Reliable,-2.5441520102278474,Below State Average
Assam,Karimganj,54.335551800835056,45.664448199164944,574,100.0,Reliable,-1.6604241298759632,Below State Average
Maharastra,Aurangabad,54.26746518336451,45.73253481663549,575,100.0,Reliable,-6.4327471167277395,Below State Average
Tripura,Dhalai,54.23013859355384,45.76986140644616,576,100.0,Reliable,-0.19012261854382473,Below State Average
Gujarat,Aravali,54.11704084135596,45.88295915864404,577,100.0,Reliable,-5.57674365452467,Below State Average
Tripura,Gomati,54.05843799354755,45.94156200645245,578,100.0,Reliable,-0.36182321855011423,Below State Average
Tripura,North Tripura,54.02172795703417,45.97827204296583,579,100.0,Reliable,-0.3985332550634908,Below State Average
Madhya Pradesh,Panna,54.02075751143513,45.97924248856487,580,100.0,Reliable,-10.095869845124291,Below State Average
Assam,Kamrup,53.932593542524714,46.067406457475286,581,100.0,Reliable,-2.063382388186305,Below State Average
Assam,Barpeta,53.88138409559582,46.11861590440418,582,100.0,Reliable,-2.114591835115199,Below State Average
Assam,Kamrup Metropolitan,53.846968572959796,46.153031427040204,583,100.0,Reliable,-2.1490073577512234,Below State Average
Bihar,Siwan,53.81993681301569,46.18006318698431,584,100.0,Reliable,4.334025045140329,Above State Average
Assam,South Salmara Mancachar,53.763855715582665,46.236144284417335,585,100.0,Reliable,-2.2321202151283543,Below State Average
Uttar Pradesh,Shahjahanpur,53.60681442705293,46.39318557294707,586,100.0,Reliable,-3.3018413440121392,Below State Average
Jharkhand,Pashchimi Singhbhum,53.43706589093234,46.56293410906766,587,100.0,Reliable,-2.669884727450807,Below State Average
Assam,Bongaigaon,53.4286622669834,46.5713377330166,588,100.0,Reliable,-2.5673136637276173,Below State Average
Gujarat,Mahesana,53.39716699924619,46.60283300075381,589,100.0,Reliable,-6.29661749663444,Below State Average
Uttar Pradesh,Kheri,53.23735480585767,46.76264519414233,590,100.0,Reliable,-3.6713009652074007,Below State Average
Jharkhand,Chatra,53.15437311733285,46.84562688266715,591,100.0,Reliable,-2.9525775010502926,Below State Average
Rajasthan,Alwar,53.12357254917151,46.87642745082849,592,100.0,Reliable,-10.568609728447093,Below State Average
Assam,Kokrajhar,53.07422636670892,46.92577363329108,593,100.0,Reliable,-2.9217495640020985,Below State Average
Uttar Pradesh,Mathura,53.06450300416081,46.93549699583919,594,100.0,Reliable,-3.8441527669042586,Below State Average
Bihar,Gaya,52.97745843746806,47.02254156253194,595,100.0,Reliable,3.491546669592701,Above State Average
Uttar Pradesh,Allahabad,52.86640129103979,47.13359870896021,596,100.0,Reliable,-4.042254480025278,Below State Average
Rajasthan,Sawai Madhopur,52.828073000130566,47.171926999869434,597,100.0,Reliable,-10.86410927748804,Below State Average
Bihar,Munger,52.80708057701413,47.19291942298587,598,100.0,Reliable,3.3211688091387757,Above State Average
Jharkhand,Jamtara,52.80615894860824,47.19384105139176,599,100.0,Reliable,-3.3007916697749025,Below State Average
Rajasthan,Bharatpur,52.78671798312443,47.21328201687557,600,100.0,Reliable,-10.905464294494173,Below State Average
Maharastra,Nashik,52.74487750466154,47.25512249533846,601,100.0,Reliable,-7.9553347954307085,Below State Average
Uttar Pradesh,Banda,52.71297605840141,47.28702394159859,602,100.0,Reliable,-4.195679712663662,Below State Average
Gujarat,Surendranagar,52.684561210248894,47.315438789751106,603,100.0,Reliable,-7.009223285631734,Below State Average
Bihar,Muzaffarpur,52.617020364880794,47.382979635119206,604,100.0,Reliable,3.1311085970054364,Above State Average
Assam,Cachar,52.47634568556718,47.52365431443282,605,100.0,Reliable,-3.519630245143837,Below State Average
Uttar Pradesh,Ghazipur,52.451413417795074,47.548586582204926,606,100.0,Reliable,-4.457242353269997,Below State Average
Uttar Pradesh,Ballia,52.38592425170426,47.61407574829574,607,100.0,Reliable,-4.522731519360811,Below State Average
Arunachal Pradesh,West Kameng,52.37465200093413,47.62534799906587,608,100.0,Reliable,-6.132989335432164,Below State Average
Bihar,Arwal,52.35219149469764,47.64780850530236,609,100.0,Reliable,2.8662797268222846,Above State Average
Nagaland,Peren,52.341729892614055,47.658270107385945,610,100.0,Reliable,0.8555219909157401,Above State Average
Gujarat,Kheda,52.26171269828677,47.73828730171323,611,100.0,Reliable,-7.432071797593856,Below State Average
Gujarat,Dohad,52.2051206777836,47.7948793222164,612,100.0,Reliable,-7.488663818097031,Below State Average
Bihar,Banka,52.18154433098194,47.81845566901806,613,100.0,Reliable,2.695632563106585,Above State Average
Mizoram,Lawngtlai,52.081127293369185,47.918872706630815,614,100.0,Reliable,-11.492845538408915,Below State Average
Jammu & Kashmir,Doda,52.0635190581615,47.9364809418385,615,100.0,Reliable,-12.280334746879603,Below State Average
Maharastra,Nandurbar,52.037048465203576,47.962951534796424,616,100.0,Reliable,-8.663163834888671,Below State Average
Uttar Pradesh,Kanpur Dehat,51.92096356624651,48.07903643375349,617,100.0,Reliable,-4.987692204818558,Below State Average
Bihar,Madhubani,51.83889917230921,48.16110082769079,618,100.0,Reliable,2.352987404433854,Above State Average
Bihar,Sheikhpura,51.82316242574579,48.17683757425421,619,100.0,Reliable,2.3372506578704346,Above State Average
Uttar Pradesh,Chitrakoot,51.811429223193144,48.188570776806856,620,100.0,Reliable,-5.0972265478719265,Below State Average
Nagaland,Phek,51.78543021470015,48.21456978529985,621,100.0,Reliable,0.29922231300183455,Above State Average
Uttar Pradesh,Hardoi,51.78468838942581,48.21531161057419,622,100.0,Reliable,-5.123967381639261,Below State Average
Uttar Pradesh,Firozabad,51.57385455075611,48.42614544924389,623,100.0,Reliable,-5.334801220308961,Below State Average
Maharastra,Jalgaon,51.45726335628419,48.54273664371581,624,100.0,Reliable,-9.24294894380806,Below State Average
Bihar,Buxar,51.298262609884695,48.701737390115305,625,100.0,Reliable,1.8123508420093373,Above State Average
Bihar,Jehanabad,51.194574980705774,48.805425019294226,626,100.0,Reliable,1.708663212830416,Above State Average
Assam,West Karbi Anglong,51.12402797731497,48.87597202268503,627,100.0,Reliable,-4.871947953396052,Below State Average
Assam,Nagaon,51.12103133766107,48.87896866233893,628,100.0,Reliable,-4.874944593049946,Below State Average
Bihar,Samastipur,51.069522215321946,48.930477784678054,629,100.0,Reliable,1.5836104474465884,Above State Average
Uttar Pradesh,Kannauj,50.913710286183765,49.086289713816235,630,100.0,Reliable,-5.994945484881306,Below State Average
Jharkhand,Dumka,50.89515946242371,49.10484053757629,631,100.0,Reliable,-5.211791155959432,Below State Average
Jharkhand,Godda,50.88075755268384,49.11924244731616,632,100.0,Reliable,-5.226193065699306,Below State Average
Nagaland,Wokha,50.80592027110505,49.19407972889495,633,100.0,Reliable,-0.6802876305932628,Below State Average
Uttar Pradesh,Budaun,50.691526039089226,49.308473960910774,634,100.0,Reliable,-6.217129731975845,Below State Average
Uttar Pradesh,Fatehpur,50.57315833057659,49.42684166942341,635,100.0,Reliable,-6.335497440488481,Below State Average
Bihar,Nawada,50.496917360018585,49.503082639981415,636,100.0,Reliable,1.0110055921432277,Above State Average
Assam,Darrang,50.44052134993928,49.55947865006072,637,100.0,Reliable,-5.5554545807717375,Below State Average
Jharkhand,Giridih,50.426229209164525,49.573770790835475,638,100.0,Reliable,-5.68072140921862,Below State Average
Uttar Pradesh,Shrawasti,50.37220071392204,49.62779928607796,639,100.0,Reliable,-6.53645505714303,Below State Average
Tripura,South Tripura,50.355065833390505,49.644934166609495,640,100.0,Reliable,-4.065195378707159,Below State Average
Assam,Hojai,50.28041433085514,49.71958566914486,641,100.0,Reliable,-5.7155615998558815,Below State Average
Uttar Pradesh,Unnao,50.182210495140325,49.817789504859675,642,100.0,Reliable,-6.726445275924746,Below State Average
Maharastra,Jalna,50.17351516550349,49.82648483449651,643,100.0,Reliable,-10.526697134588758,Below State Average
Haryana,Mewat,50.01101317237995,49.98898682762005,644,100.0,Reliable,-16.032200408582156,Below State Average
Uttar Pradesh,Mahamaya Nagar,49.96676978826426,50.03323021173574,645,100.0,Reliable,-6.941885982800812,Below State Average
Chhattisgarh,Bastar,49.95017980716377,50.04982019283623,646,100.0,Reliable,-13.361781448707298,Below State Average
Bihar,Bhagalpur,49.94549356474251,50.05450643525749,647,100.0,Reliable,0.4595817968671554,Above State Average
Meghalaya,East Khasi Hills,49.92243121294471,50.07756878705529,648,100.0,Reliable,-5.246470810334927,Below State Average
Bihar,Saran,49.90920137882687,50.09079862117313,649,100.0,Reliable,0.42328961095151385,Above State Average
Assam,Dhubri,49.861197589991,50.138802410009,650,100.0,Reliable,-6.134778340720018,Below State Average
Jharkhand,Pakur,49.64218004637924,50.35781995362076,651,100.0,Reliable,-6.464770572003907,Below State Average
Uttar Pradesh,Gonda,49.59527033174978,50.40472966825022,652,100.0,Reliable,-7.31338543931529,Below State Average
Nagaland,Mon,49.53903163879954,50.46096836120046,653,100.0,Reliable,-1.9471762628987719,Below State Average
Bihar,Darbhanga,49.52414392651006,50.47585607348994,654,100.0,Reliable,0.038232158634698976,Above State Average
Meghalaya,West Khasi Hills,49.38014788750198,50.61985211249802,655,100.0,Reliable,-5.788754135777658,Below State Average
Jharkhand,Sahibganj,49.220240261553215,50.779759738446785,656,100.0,Reliable,-6.88671035682993,Below State Average
Manipur,Ukhrul,49.06878244440844,50.93121755559156,657,100.0,Reliable,-11.769095369344484,Below State Average
Gujarat,Banas Kantha,49.04919836891637,50.95080163108363,658,100.0,Reliable,-10.644586126964256,Below State Average
Bihar,Begusarai,48.814878095697225,51.185121904302775,659,100.0,Reliable,-0.6710336721781331,Below State Average
Bihar,Patna,48.65113598260007,51.34886401739993,660,100.0,Reliable,-0.8347757852752906,Below State Average
Bihar,Khagaria,48.63386659331349,51.36613340668651,661,100.0,Reliable,-0.8520451745618658,Below State Average
Uttar Pradesh,Etah,48.600846498383106,51.399153501616894,662,100.0,Reliable,-8.307809272681965,Below State Average
Uttar Pradesh,Bara Banki,48.44790178537193,51.55209821462807,663,100.0,Reliable,-8.460753985693138,Below State Average
Bihar,Vaishali,48.44335856701803,51.55664143298197,664,100.0,Reliable,-1.042553200857327,Below State Average
Bihar,Nalanda,48.39844549934526,51.60155450065474,665,100.0,Reliable,-1.0874662685301004,Below State Average
Bihar,Supaul,48.295297676972986,51.704702323027014,666,100.0,Reliable,-1.190614090902372,Below State Average
Uttar Pradesh,Kanshiram Nagar,48.20120030816405,51.79879969183595,667,100.0,Reliable,-8.707455462901024,Below State Average
Uttar Pradesh,Balrampur,48.019200227468474,51.980799772531526,668,100.0,Reliable,-8.889455543596597,Below State Average
Meghalaya,West Jaintia Hills,47.966508275426236,52.033491724573764,669,100.0,Reliable,-7.2023937478533995,Below State Average
Maharastra,Parbhani,47.484314995680236,52.515685004319764,670,100.0,Reliable,-13.21589730441201,Below State Average
Bihar,Sheohar,47.28028034753143,52.71971965246857,671,100.0,Reliable,-2.205631420343927,Below State Average
Assam,Udalguri,47.17030509731679,52.82969490268321,672,100.0,Reliable,-8.825670833394227,Below State Average
Tripura,Unakoti,47.101326179629545,52.898673820370455,673,100.0,Reliable,-7.318935032468119,Below State Average
Bihar,Jamui,47.063770555689686,52.936229444310314,674,100.0,Reliable,-2.4221412121856716,Below State Average
Bihar,Madhepura,46.961852430461875,53.038147569538125,675,100.0,Reliable,-2.524059337413483,Below State Average
Bihar,Pashchim Champaran,46.945349805560454,53.054650194439546,676,100.0,Reliable,-2.5405619623149036,Below State Average
Bihar,Bhojpur,46.68285680794942,53.31714319205058,677,100.0,Reliable,-2.8030549599259373,Below State Average
Nagaland,Zunheboto,46.60948836533436,53.39051163466564,678,100.0,Reliable,-4.876719536363957,Below State Average
Bihar,Lakhisarai,46.58262722300278,53.41737277699722,679,100.0,Reliable,-2.9032845448725766,Below State Average
Bihar,Katihar,46.21984726971956,53.78015273028044,680,100.0,Reliable,-3.2660644981557994,Below State Average
Nagaland,Longleng,45.93208772083279,54.06791227916721,681,100.0,Reliable,-5.5541201808655245,Below State Average
Bihar,Saharsa,45.793769911541666,54.206230088458334,682,100.0,Reliable,-3.6921418563336914,Below State Average
Bihar,Sitamarhi,45.78925852839556,54.21074147160444,683,100.0,Reliable,-3.696653239479801,Below State Average
Maharastra,Dhule,45.78157878194223,54.21842121805777,684,100.0,Reliable,-14.918633518150017,Below State Average
Uttar Pradesh,Bahraich,45.17745208010093,54.82254791989907,685,100.0,Reliable,-11.731203690964144,Below State Average
Bihar,Kishanganj,44.44660481446305,55.55339518553695,686,100.0,Reliable,-5.039306953412307,Below State Average
Bihar,Purba Champaran,43.939879864066995,56.060120135933005,687,100.0,Reliable,-5.5460319038083625,Below State Average
Meghalaya,North Garo Hills,43.081820197654615,56.918179802345385,688,97.61904761904762,Reliable,-12.08708182562502,Below State Average
Nagaland,Kiphire,43.04045766767354,56.95954233232646,689,100.0,Reliable,-8.445750234024771,Below State Average
Jharkhand,Deoghar,42.90479635495195,57.09520364504805,690,100.0,Reliable,-13.202154263431197,Below State Average
Bihar,Purnia,41.58858098645288,58.41141901354712,691,100.0,Reliable,-7.897330781422475,Below State Average
Bihar,Araria,41.36112593047822,58.63887406952178,692,100.0,Reliable,-8.124785837397141,Below State Average
Nagaland,Tuensang,39.22783991702488,60.77216008297512,693,100.0,Reliable,-12.258367984673434,Below State Average
Andaman & Nicobar Islands,North & Middle Andaman,66.72815527224294,33.271844727757056,,76.19047619047619,Low Coverage,,
Goa,South Goa,74.95250660638065,25.047493393619348,,76.19047619047619,Low Coverage,,
Haryana,Sirsa,67.81132588797037,32.18867411202963,,76.19047619047619,Low Coverage,,
Kerala,Thrissur,73.64976989580298,26.350230104197024,,76.19047619047619,Low Coverage,,
Kerala,Kottayam,71.20023828933495,28.799761710665052,,76.19047619047619,Low Coverage,,
Kerala,Pathanamthitta,80.37278370946188,19.627216290538115,,76.19047619047619,Low Coverage,,
Madhya Pradesh,Bhopal,69.53480684198463,30.465193158015367,,73.80952380952381,Low Coverage,,
Madhya Pradesh,Raisen,67.60894751756801,32.39105248243199,,73.80952380952381,Low Coverage,,
Madhya Pradesh,Jabalpur,75.17747922210472,24.822520777895278,,69.04761904761905,Low Coverage,,
Maharastra,Mumbai Suburban,64.65142459483502,35.34857540516498,,76.19047619047619,Low Coverage,,
Maharastra,Mumbai,70.0843079516072,29.9156920483928,,78.57142857142857,Low Coverage,,
Sikkim,East District,66.51120797448526,33.48879202551474,,76.19047619047619,Low Coverage,,
Tamil Nadu,Tiruppur,73.43693018063533,26.56306981936467,,76.19047619047619,Low Coverage,,
